{
  "accuracy": [
    0.887976884841919,
    0.9261538982391357,
    0.9348598122596741
  ],
  "loss": [
    0.36916080117225647,
    0.24225567281246185,
    0.2138841599225998
  ],
  "val_accuracy": [
    0.9086974263191223,
    0.9326184391975403,
    0.924832284450531
  ],
  "val_loss": [
    0.29445555806159973,
    0.21801131963729858,
    0.24171409010887146
  ],
  "learning_rate": [
    0.0005000000237487257,
    0.0005000000237487257,
    0.0005000000237487257
  ]
}